pagina,url,title,meta_description,h1_sugerido
Home,/,Renta de Iluminación para Eventos en CDMX | REDEIL,"Renta de iluminación profesional para bodas, XV años y eventos corporativos en Ciudad de México. Guirnaldas, Sky Tracker, cabezas móviles. Instalación incluida. Cotiza hoy.",Renta de Iluminación Profesional para Eventos en CDMX
Iluminación Bodas,/servicios/renta-iluminacion-bodas/,Renta de Iluminación para Bodas en CDMX | Desde $4500 | REDEIL,"Transforma tu boda con iluminación profesional. Guirnaldas LED, cascadas, gobos personalizados. Instalación y asesoría incluida. +500 bodas iluminadas en CDMX.",Renta de Iluminación para Bodas en CDMX
Iluminación XV Años,/servicios/renta-iluminacion-xv-anos/,Renta de Luces para XV Años en CDMX | Paquetes desde $3500 | REDEIL,"Iluminación espectacular para tu fiesta de XV años. Sky Tracker, cabezas móviles, luz neón, efectos especiales. Servicio completo con instalación en CDMX.",Renta de Iluminación para Fiestas de XV Años
Eventos Corporativos,/servicios/renta-iluminacion-eventos-corporativos/,Iluminación Profesional para Eventos Corporativos CDMX | REDEIL,"Iluminación técnica para congresos, lanzamientos y galas corporativas. Proyección de gobos con tu logo. Equipo certificado. Cotiza tu evento empresarial.",Iluminación Profesional para Eventos Corporativos
Fiestas,/servicios/renta-iluminacion-fiestas/,Renta de Luces para Fiestas en CDMX | REDEIL,"Iluminación para fiestas privadas, cumpleaños y celebraciones. Luces LED, efectos especiales, bola disco. Precios accesibles con instalación incluida.",Renta de Iluminación para Fiestas
Sky Tracker,/catalogo/sky-tracker/,Renta de Sky Tracker en CDMX | Luces Antiáreas 7500W | REDEIL,"Renta Sky Tracker profesional de 7500W. Rayos de luz visibles a kilómetros. Ideal para inauguraciones, festivales y bodas. Incluye instalación y permisos.",Renta de Sky Tracker para Eventos en CDMX
Cabezas Móviles,/catalogo/cabezas-moviles/,Renta de Cabezas Móviles para Eventos CDMX | REDEIL,"Cabezas móviles Martin y Chauvet para eventos. Beam, Spot y Wash disponibles. Programación DMX personalizada. Operador técnico incluido.",Renta de Cabezas Móviles Profesionales
Guirnaldas LED,/catalogo/guirnaldas-led/,Renta de Guirnaldas LED Vintage para Bodas CDMX | REDEIL,"Guirnaldas LED estilo vintage para bodas y eventos. Luces cálidas tipo Edison. Instalación profesional en jardines, terrazas y salones. Cotiza hoy.",Renta de Guirnaldas LED para Bodas
Cascadas LED,/catalogo/cascadas-led/,Renta de Cascadas LED para Eventos CDMX | REDEIL,"Cascadas de luces LED para crear ambientes mágicos. Ideales para bodas, recepciones y eventos especiales. Varios tamaños disponibles.",Renta de Cascadas LED para Eventos
Luz Negra UV,/catalogo/luz-negra-uv/,Renta de Luz Negra para Fiestas Neón CDMX | REDEIL,"Luz negra UV para fiestas neón y eventos temáticos. Crea ambientes fluorescentes únicos. Incluye instalación. Disponible en CDMX y EdoMex.",Renta de Luz Negra UV para Fiestas
Láser,/catalogo/laser/,Renta de Láser para Eventos CDMX | Efectos Seguros | REDEIL,"Efectos láser RGB profesionales para eventos. Programación sincronizada con música. Operador certificado. Cumplimos normativas de seguridad.",Renta de Láser para Eventos
Gobos Proyección,/catalogo/gobos-proyeccion/,Renta de Gobos Personalizados | Proyección de Logo | REDEIL,"Proyección de gobos con tu logo o iniciales. Ideal para bodas y eventos corporativos. Fabricación personalizada incluida en el servicio.",Proyección de Gobos Personalizados
Iluminación Arquitectónica,/catalogo/iluminacion-arquitectonica/,Renta de Iluminación Arquitectónica para Eventos CDMX | REDEIL,"Iluminación arquitectónica profesional para venues, jardines y fachadas. City Color, baños de color, uplighting. Transforma cualquier espacio.",Iluminación Arquitectónica para Eventos
Luces Neón,/catalogo/luces-neon/,Renta de Luces Neón para Eventos y Fiestas CDMX | REDEIL,"Letreros y luces neón para eventos. Personalizables con texto o diseños. Perfectas para fondos de fotos y decoración temática.",Renta de Luces Neón para Eventos
Efectos Especiales,/catalogo/efectos-especiales/,Renta de Efectos Especiales para Eventos CDMX | REDEIL,"Máquinas de humo, confeti, burbujas y pirotecnia fría. Efectos especiales seguros para bodas y fiestas. Operador incluido.",Efectos Especiales para Eventos
Polanco,/zonas-servicio/cdmx/polanco/,Renta de Iluminación en Polanco | Bodas y Eventos | REDEIL,"Servicio de iluminación profesional en Polanco, CDMX. Atendemos venues como Camino Real, St. Regis, Casa de Campo. Llegamos en menos de 30 min.",Renta de Iluminación para Eventos en Polanco
Santa Fe,/zonas-servicio/cdmx/santa-fe/,Renta de Iluminación en Santa Fe CDMX | Eventos Corporativos | REDEIL,"Iluminación profesional para eventos en Santa Fe. Especialistas en corporativos y lanzamientos. Atendemos los principales venues de la zona.",Renta de Iluminación en Santa Fe
Coyoacán,/zonas-servicio/cdmx/coyoacan/,Renta de Iluminación en Coyoacán | Bodas y Fiestas | REDEIL,"Iluminación para eventos en Coyoacán y zonas cercanas. Bodas en jardines, fiestas privadas, eventos culturales. Servicio completo.",Renta de Iluminación en Coyoacán
Naucalpan,/zonas-servicio/estado-mexico/naucalpan/,Renta de Iluminación en Naucalpan Estado de México | REDEIL,"Servicio de iluminación para eventos en Naucalpan y zona industrial. Bodas, XV años, eventos corporativos. Transporte incluido.",Renta de Iluminación en Naucalpan
Huixquilucan,/zonas-servicio/estado-mexico/huixquilucan/,Renta de Iluminación en Huixquilucan | Bodas y Eventos | REDEIL,"Iluminación profesional para eventos en Huixquilucan e Interlomas. Especialistas en bodas en haciendas y jardines de la zona.",Renta de Iluminación en Huixquilucan
Tlalnepantla,/zonas-servicio/estado-mexico/tlalnepantla/,Renta de Iluminación en Tlalnepantla Estado de México | REDEIL,"Servicio de iluminación para eventos en Tlalnepantla. Fiestas, bodas, XV años y eventos empresariales. Cobertura completa.",Renta de Iluminación en Tlalnepantla
Estado de México,/zonas-servicio/estado-mexico/,Renta de Iluminación en Estado de México | REDEIL,"Cobertura completa de iluminación para eventos en todo el Estado de México. Naucalpan, Tlalnepantla, Huixquilucan, Metepec y más.",Renta de Iluminación en Estado de México
Catálogo,/catalogo/,Catálogo de Equipos de Iluminación para Eventos | REDEIL,"Explora nuestro catálogo completo de equipos de iluminación. Sky Tracker, cabezas móviles, guirnaldas LED, láser y más. Renta en CDMX.",Catálogo de Equipos de Iluminación
Nosotros,/nosotros/,Sobre REDEIL | Más de 10 Años en Iluminación de Eventos,"Conoce REDEIL: más de 10 años transformando eventos en CDMX. Equipo profesional, tecnología de punta y compromiso con la excelencia.",Sobre REDEIL - Renta de Iluminación
Contacto,/contacto/,Contacto | Renta de Iluminación CDMX | REDEIL,"Contáctanos para cotizar tu evento. WhatsApp, teléfono, email o visítanos. Atención de lunes a domingo 8am-6pm.",Contacta a REDEIL
Cotización Rápida,/cotizacion-rapida/,Cotiza tu Iluminación | Respuesta en 2 Horas | REDEIL,"Solicita cotización gratuita para tu evento. Llena el formulario y recibe respuesta en menos de 2 horas. Sin compromiso.",Cotiza tu Iluminación para Eventos
Blog,/blog/,Blog de Iluminación para Eventos | Tips y Tendencias | REDEIL,"Descubre tips, tendencias y guías sobre iluminación para eventos. Aprende a iluminar tu boda, XV años o evento corporativo.",Blog de Iluminación para Eventos
Galería,/galeria/,Galería de Eventos Iluminados | Bodas y Fiestas | REDEIL,"Explora nuestra galería de eventos iluminados. Bodas, XV años, corporativos y fiestas. Inspírate para tu próximo evento.",Galería de Eventos Iluminados por REDEIL
